InstanceType,UpstreamCloudId,vCPUs,MemoryGiB,AcceleratorName,AcceleratorCount,GpuInfo,Region,Price,SpotPrice
1GB300.32V,1GB300.32V,32.0,225.0,GB300,1.0,"{""Gpus"": [{""Name"": ""GB300"", ""Count"": 1, ""MemoryInfo"": {""SizeInMiB"": 294912}}], ""TotalGpuMemoryInMiB"": 294912}",FIN-03,5.45,1.363
2GB300.64V,2GB300.64V,64.0,450.0,GB300,2.0,"{""Gpus"": [{""Name"": ""GB300"", ""Count"": 2, ""MemoryInfo"": {""SizeInMiB"": 294912}}], ""TotalGpuMemoryInMiB"": 589824}",FIN-03,10.9,2.725
4GB300.128V,4GB300.128V,128.0,900.0,GB300,4.0,"{""Gpus"": [{""Name"": ""GB300"", ""Count"": 4, ""MemoryInfo"": {""SizeInMiB"": 294912}}], ""TotalGpuMemoryInMiB"": 1179648}",FIN-03,21.8,5.45
1B300.30V,1B300.30V,30.0,275.0,B300,1.0,"{""Gpus"": [{""Name"": ""B300"", ""Count"": 1, ""MemoryInfo"": {""SizeInMiB"": 268288}}], ""TotalGpuMemoryInMiB"": 268288}",FIN-03,4.95,1.238
1B200.30V,1B200.30V,30.0,184.0,B200,1.0,"{""Gpus"": [{""Name"": ""B200"", ""Count"": 1, ""MemoryInfo"": {""SizeInMiB"": 184320}}], ""TotalGpuMemoryInMiB"": 184320}",FIN-03,3.99,0.9475
8B200.240V,8B200.240V,240.0,1472.0,B200,8.0,"{""Gpus"": [{""Name"": ""B200"", ""Count"": 8, ""MemoryInfo"": {""SizeInMiB"": 184320}}], ""TotalGpuMemoryInMiB"": 1474560}",FIN-03,31.92,7.58
1H200.141S.44V,1H200.141S.44V,44.0,182.0,H200,1.0,"{""Gpus"": [{""Name"": ""H200"", ""Count"": 1, ""MemoryInfo"": {""SizeInMiB"": 144384}}], ""TotalGpuMemoryInMiB"": 144384}",FIN-02,2.99,1.495
2H200.141S.88V,2H200.141S.88V,88.0,370.0,H200,2.0,"{""Gpus"": [{""Name"": ""H200"", ""Count"": 2, ""MemoryInfo"": {""SizeInMiB"": 144384}}], ""TotalGpuMemoryInMiB"": 288768}",FIN-02,5.98,2.99
8H200.141S.176V,8H200.141S.176V,176.0,1450.0,H200,8.0,"{""Gpus"": [{""Name"": ""H200"", ""Count"": 8, ""MemoryInfo"": {""SizeInMiB"": 144384}}], ""TotalGpuMemoryInMiB"": 1155072}",FIN-02,23.92,11.96
1H100.80S.30V,1H100.80S.30V,30.0,120.0,H100,1.0,"{""Gpus"": [{""Name"": ""H100"", ""Count"": 1, ""MemoryInfo"": {""SizeInMiB"": 81920}}], ""TotalGpuMemoryInMiB"": 81920}",FIN-01,2.29,
1H100.80S.32V,1H100.80S.32V,32.0,185.0,H100,1.0,"{""Gpus"": [{""Name"": ""H100"", ""Count"": 1, ""MemoryInfo"": {""SizeInMiB"": 81920}}], ""TotalGpuMemoryInMiB"": 81920}",FIN-02,2.29,0.995
2H100.80S.80V,2H100.80S.80V,80.0,370.0,H100,2.0,"{""Gpus"": [{""Name"": ""H100"", ""Count"": 2, ""MemoryInfo"": {""SizeInMiB"": 81920}}], ""TotalGpuMemoryInMiB"": 163840}",FIN-02,4.58,
4H100.80S.176V,4H100.80S.176V,176.0,740.0,H100,4.0,"{""Gpus"": [{""Name"": ""H100"", ""Count"": 4, ""MemoryInfo"": {""SizeInMiB"": 81920}}], ""TotalGpuMemoryInMiB"": 327680}",FIN-03,9.16,3.98
8H100.80S.176V,8H100.80S.176V,176.0,1480.0,H100,8.0,"{""Gpus"": [{""Name"": ""H100"", ""Count"": 8, ""MemoryInfo"": {""SizeInMiB"": 81920}}], ""TotalGpuMemoryInMiB"": 655360}",FIN-02,18.32,7.96
1A100.22V,1A100.22V,22.0,120.0,A100-80GB,1.0,"{""Gpus"": [{""Name"": ""A100-80GB"", ""Count"": 1, ""MemoryInfo"": {""SizeInMiB"": 81920}}], ""TotalGpuMemoryInMiB"": 81920}",FIN-01,1.29,0.58
2A100.44V,2A100.44V,44.0,240.0,A100-80GB,2.0,"{""Gpus"": [{""Name"": ""A100-80GB"", ""Count"": 2, ""MemoryInfo"": {""SizeInMiB"": 81920}}], ""TotalGpuMemoryInMiB"": 163840}",FIN-01,2.58,1.16
2A100.44V,2A100.44V,44.0,240.0,A100-80GB,2.0,"{""Gpus"": [{""Name"": ""A100-80GB"", ""Count"": 2, ""MemoryInfo"": {""SizeInMiB"": 81920}}], ""TotalGpuMemoryInMiB"": 163840}",FIN-02,2.58,
8A100.176V,8A100.176V,176.0,960.0,A100-80GB,8.0,"{""Gpus"": [{""Name"": ""A100-80GB"", ""Count"": 8, ""MemoryInfo"": {""SizeInMiB"": 81920}}], ""TotalGpuMemoryInMiB"": 655360}",FIN-03,10.32,4.64
1A100.40S.22V,1A100.40S.22V,22.0,120.0,A100,1.0,"{""Gpus"": [{""Name"": ""A100"", ""Count"": 1, ""MemoryInfo"": {""SizeInMiB"": 40960}}], ""TotalGpuMemoryInMiB"": 40960}",FIN-03,0.7211,0.2163
8A100.40S.176V,8A100.40S.176V,176.0,960.0,A100,8.0,"{""Gpus"": [{""Name"": ""A100"", ""Count"": 8, ""MemoryInfo"": {""SizeInMiB"": 40960}}], ""TotalGpuMemoryInMiB"": 327680}",FIN-03,5.769,1.73
1V100.6V,1V100.6V,6.0,23.0,V100,1.0,"{""Gpus"": [{""Name"": ""V100"", ""Count"": 1, ""MemoryInfo"": {""SizeInMiB"": 16384}}], ""TotalGpuMemoryInMiB"": 16384}",FIN-01,0.1381,0.0691
2V100.10V,2V100.10V,10.0,45.0,V100,2.0,"{""Gpus"": [{""Name"": ""V100"", ""Count"": 2, ""MemoryInfo"": {""SizeInMiB"": 16384}}], ""TotalGpuMemoryInMiB"": 32768}",FIN-03,0.2762,0.1382
4V100.20V,4V100.20V,20.0,90.0,V100,4.0,"{""Gpus"": [{""Name"": ""V100"", ""Count"": 4, ""MemoryInfo"": {""SizeInMiB"": 16384}}], ""TotalGpuMemoryInMiB"": 65536}",FIN-03,0.5524,0.2764
8V100.48V,8V100.48V,48.0,180.0,V100,8.0,"{""Gpus"": [{""Name"": ""V100"", ""Count"": 8, ""MemoryInfo"": {""SizeInMiB"": 16384}}], ""TotalGpuMemoryInMiB"": 131072}",FIN-03,1.105,0.5528
1L40S.20V,1L40S.20V,20.0,60.0,L40S,1.0,"{""Gpus"": [{""Name"": ""L40S"", ""Count"": 1, ""MemoryInfo"": {""SizeInMiB"": 49152}}], ""TotalGpuMemoryInMiB"": 49152}",FIN-02,0.9143,0.2743
2L40S.40V,2L40S.40V,40.0,120.0,L40S,2.0,"{""Gpus"": [{""Name"": ""L40S"", ""Count"": 2, ""MemoryInfo"": {""SizeInMiB"": 49152}}], ""TotalGpuMemoryInMiB"": 98304}",FIN-03,1.829,0.5486
4L40S.80V,4L40S.80V,80.0,240.0,L40S,4.0,"{""Gpus"": [{""Name"": ""L40S"", ""Count"": 4, ""MemoryInfo"": {""SizeInMiB"": 49152}}], ""TotalGpuMemoryInMiB"": 196608}",FIN-03,3.657,1.097
8L40S.160V,8L40S.160V,160.0,480.0,L40S,8.0,"{""Gpus"": [{""Name"": ""L40S"", ""Count"": 8, ""MemoryInfo"": {""SizeInMiB"": 49152}}], ""TotalGpuMemoryInMiB"": 393216}",FIN-03,7.314,2.194
1RTX6000ADA.10V,1RTX6000ADA.10V,10.0,60.0,RTX-6000-Ada,1.0,"{""Gpus"": [{""Name"": ""RTX-6000-Ada"", ""Count"": 1, ""MemoryInfo"": {""SizeInMiB"": 49152}}], ""TotalGpuMemoryInMiB"": 49152}",FIN-01,0.8262,
4RTX6000ADA.40V,4RTX6000ADA.40V,40.0,240.0,RTX-6000-Ada,4.0,"{""Gpus"": [{""Name"": ""RTX-6000-Ada"", ""Count"": 4, ""MemoryInfo"": {""SizeInMiB"": 49152}}], ""TotalGpuMemoryInMiB"": 196608}",FIN-03,3.305,0.9916
1A6000.10V,1A6000.10V,10.0,60.0,RTX-A6000,1.0,"{""Gpus"": [{""Name"": ""RTX-A6000"", ""Count"": 1, ""MemoryInfo"": {""SizeInMiB"": 49152}}], ""TotalGpuMemoryInMiB"": 49152}",FIN-01,0.49,0.147
1A6000.10V,1A6000.10V,10.0,60.0,RTX-A6000,1.0,"{""Gpus"": [{""Name"": ""RTX-A6000"", ""Count"": 1, ""MemoryInfo"": {""SizeInMiB"": 49152}}], ""TotalGpuMemoryInMiB"": 49152}",FIN-02,0.49,0.147
2A6000.20V,2A6000.20V,20.0,120.0,RTX-A6000,2.0,"{""Gpus"": [{""Name"": ""RTX-A6000"", ""Count"": 2, ""MemoryInfo"": {""SizeInMiB"": 49152}}], ""TotalGpuMemoryInMiB"": 98304}",FIN-01,0.98,0.294
4A6000.40V,4A6000.40V,40.0,240.0,RTX-A6000,4.0,"{""Gpus"": [{""Name"": ""RTX-A6000"", ""Count"": 4, ""MemoryInfo"": {""SizeInMiB"": 49152}}], ""TotalGpuMemoryInMiB"": 196608}",FIN-03,1.96,0.588
8A6000.80V,8A6000.80V,80.0,480.0,RTX-A6000,8.0,"{""Gpus"": [{""Name"": ""RTX-A6000"", ""Count"": 8, ""MemoryInfo"": {""SizeInMiB"": 49152}}], ""TotalGpuMemoryInMiB"": 393216}",FIN-03,3.92,1.176
